[
	{
		"imageSrc": "../../src/assets/img/english/destinations/acapulco/acapulco-1.webp",
		"alt": "Acapulco",
		"href": "../../english/destinations/boletos-de-autobus-a-acapulco.html",
		"text": "Acapulco"
	},
	{
		"imageSrc": "../../src/assets/img/english/destinations/ciudad-altamirano/cd-altamirano-2.webp",
		"alt": "Ciudad Altamirano",
		"href": "../../english/destinations/boletos-de-autobus-a-cd-altamirano.html",
		"text": "Ciudad Altamirano"
	},
	{
		"imageSrc": "../../src/assets/img/english/destinations/chilpancingo/chilpancingo-2.webp",
		"alt": "Chilpancingo",
		"href": "../../english/destinations/boletos-de-autobus-a-chilpancingo.html",
		"text": "Chilpancingo"
	},
	{
		"imageSrc": "../../src/assets/img/english/destinations/coyuca-de-benitez/coyuca-de-benitez-1.webp",
		"alt": "Coyuca de Benitez",
		"href": "../../english/destinations/boletos-de-autobus-a-coyuca-de-benitez.html",
		"text": "Coyuca de Benitez"
	},
	{
		"imageSrc": "../../src/assets/img/english/destinations/cuernavaca/cuernavaca-1.webp",
		"alt": "Cuernavaca",
		"href": "../../english/destinations/boletos-de-autobus-a-cuernavaca.html",
		"text": "Cuernavaca"
	},
	{
		"imageSrc": "../../src/assets/img/english/destinations/iguala/iguala-1.webp",
		"alt": "Iguala",
		"href": "../../english/destinations/boletos-de-autobus-a-iguala.html",
		"text": "Iguala"
	},
	{
		"imageSrc": "../../src/assets/img/english/destinations/ciudad-de-mexico/cdmx-1.webp",
		"alt": "Ciudad de Mexico",
		"href": "../../english/destinations/boletos-de-autobus-a-cdmx.html",
		"text": "Ciudad de Mexico"
	},
	{
		"imageSrc": "../../src/assets/img/english/destinations/zihuatanejo/zihuatanejo-1.webp",
		"alt": "Zihuatanejo",
		"href": "../../english/destinations/boletos-de-autobus-a-zihuatanejo.html",
		"text": "Zihuatanejo"
	},
	{
		"imageSrc": "../../src/assets/img/english/destinations/taxco/taxco-1.webp",
		"alt": "Taxco de Alarcón",
		"href": "../../english/destinations/boletos-de-autobus-a-taxco.html",
		"text": "Taxco"
	},
	{
		"imageSrc": "../../src/assets/img/english/destinations/tecpan/tecpan-1.webp",
		"alt": "Tecpan",
		"href": "../../english/destinations/boletos-de-autobus-a-tecpan.html",
		"text": "Tecpan"
	},
	{
		"imageSrc": "../../src/assets/img/english/destinations/tepotzotlan/tepotzotlan-3.webp",
		"alt": "Tepotzotlán",
		"href": "../../english/destinations/boletos-de-autobus-a-tepotzotlan.html",
		"text": "Tepotzotlán"
	},
	{
		"imageSrc": "../../src/assets/img/english/destinations/toluca/toluca-1.webp",
		"alt": "Toluca",
		"href": "../../english/destinations/boletos-de-autobus-a-toluca.html",
		"text": "Toluca"
	}
]
