[
	{
		"categoria": "Home",
		"landings": [{ "nombre": "Inicio", "url": "../.../../../" }]
	},
	{
		"categoria": "Rutas y Destinos",
		"landings": [
			{ "nombre": "Destinos", "url": "../../destinos/" },
			{
				"nombre": "Acapulco",
				"url": "../../destinos/autobus-a-acapulco.html"
			},
			{
				"nombre": "Chilpancingo",
				"url": "../../destinos/autobus-a-chilpancingo.html"
			},
			{
				"nombre": "Ciudad Altamirano",
				"url": "../../destinos/autobus-a-cd-altamirano.html"
			},
			{
				"nombre": "Ciudad de México",
				"url": "../../destinos/autobus-a-ciudad-de-mexico.html"
			},
			{
				"nombre": "Coyuca de Benítez",
				"url": "../../destinos/autobus-a-coyuca-de-benitez.html"
			},
			{
				"nombre": "Cuernavaca",
				"url": "../../destinos/autobus-a-cuernavaca.html"
			},
			{ "nombre": "Iguala", "url": "../../destinos/autobus-a-iguala.html" },
			{
				"nombre": "Ixtapa Zihuatanejo",
				"url": "../../destinos/autobus-a-ixtapa-zihuatanejo.html"
			},
			{
				"nombre": "Monterrey",
				"url": "../../destinos/autobus-a-monterrey.html"
			},
			{ "nombre": "Taxco", "url": "../../destinos/autobus-a-taxco.html" },
			{ "nombre": "Tecpan", "url": "../../destinos/autobus-a-tecpan.html" }
		]
	},
	{
		"categoria": "Comprar Boletos",
		"landings": [
			{
				"nombre": "Boletos de Autobus",
				"url": "../../boletos-autobus/"
			},
			{
				"nombre": "¿Dónde comprar boletos?",
				"url": "../../donde-comprar-costa.html"
			},
			{ "nombre": "Promociones", "url": "../../promociones" },
			{ "nombre": "Terminales y Taquillas", "url": "../../terminales" },

			{
				"nombre": "Acapulco",
				"url": "../../boletos-autobus/acapulco.html"
			},
			{
				"nombre": "Chilpancingo",
				"url": "../../boletos-autobus/chilpancingo.html"
			},
			{
				"nombre": "Ciudad Altamirano",
				"url": "../../boletos-autobus/ciudad-altamirano.html"
			},
			{
				"nombre": "Ciudad de México",
				"url": "../../boletos-autobus/ciudad-de-mexico.html"
			},
			{
				"nombre": "Coyuca de Benítez",
				"url": "../../boletos-autobus/coyuca-de-benitez.html"
			},
			{
				"nombre": "Cuernavaca",
				"url": "../../boletos-autobus/cuernavaca.html"
			},
			{ "nombre": "Iguala", "url": "../../boletos-autobus/iguala.html" },
			{
				"nombre": "Ixtapa Zihuatanejo",
				"url": "../../boletos-autobus/ixtapa-zihuatanejo.html"
			},
			{
				"nombre": "Monterrey",
				"url": "../../boletos-autobus/monterrey.html"
			},
			{ "nombre": "Taxco", "url": "../../boletos-autobus/taxco.html" },
			{ "nombre": "Tecpan", "url": "../../boletos-autobus/tecpan.html" }
		]
	},
	{
		"categoria": "Servicios",
		"landings": [
			{
				"nombre": "Renta de Autobuses",
				"url": "../../servicios/renta-de-autobuses.html"
			},
			{
				"nombre": "Salas de espera",
				"url": "../../servicios/salas-de-espera.html"
			},
			{
				"nombre": "Servicios a bordo",
				"url": "../../servicios/servicio-a-bordo.html"
			},
			{ "nombre": "Paquetería", "url": "../../servicios/packmultienlace" },
			{ "nombre": "Facturación electrónica", "url": "../../facturacion.html" }
		]
	},
	{
		"categoria": "Costa Line",
		"landings": [
			{ "nombre": "¿Quienes somos?", "url": "../../nosotros" },
			{
				"nombre": "Contacto",
				"url": "../../servicios/atencion-a-clientes.html"
			},
			{
				"nombre": "Aviso de privacidad",
				"url": "../../nosotros/aviso-de-privacidad.html"
			},
			{
				"nombre": "Preguntas frecuentes",
				"url": "../../nosotros/preguntas-frecuentes.html"
			}
		]
	},
	{
		"categoria": "Terminos y Condiciones",
		"landings": [
			{
				"nombre": "Terminos y Condiciones",
				"url": "../../nosotros/terminos-condiciones.html"
			},
			{
				"nombre": "Viajero Protegido",
				"url": "../../servicios/viajero-protegido.html"
			},
			{ "nombre": "Buen fin", "url": "../../promociones/buen-fin.html" },
			{ "nombre": "Hot travel", "url": "../../promociones/hot-travel.html" },
			{
				"nombre": "Festival de Viajes",
				"url": "../../promociones/festival-de-viajes.html"
			},
			{
				"nombre": "Ofertas en 1 click",
				"url": "../../promociones/ofertas-en-1-click.html"
			},
			{
				"nombre": "Pago referenciado oxxo",
				"url": "../../servicios/pago-referenciado-oxxo.html"
			},
			{
				"nombre": "Viajero Anticipado",
				"url": "../../promociones/viajero-anticipado.html"
			},
			{
				"nombre": "Pago Kueski Pay",
				"url": "../../servicios/compra-con-kueski-pay.html"
			}
		]
	},
	{
		"categoria": "Paquetería",
		"landings": [
			{
				"nombre": "¿Como funciona?",
				"url": "../../packmultienlace/como-funciona-paqueteria.html"
			},
			{
				"nombre": "Cotizador",
				"url": "../../packmultienlace/cotizador-paqueteria.html"
			},
			{
				"nombre": "Pack Multienlace",
				"url": "../../packmultienlace/pack-multienlace.html"
			},
			{
				"nombre": "Proceso de Envio",
				"url": "../../packmultienlace/proceso-de-envio.html"
			},
			{
				"nombre": "Servicios corporativos",
				"url": "../../packmultienlace/servicios-corporativos-paqueteria.html"
			},
			{
				"nombre": "Terminales de paqueteria",
				"url": "../../packmultienlace/terminales-paqueteria.html"
			},
			{
				"nombre": "Restricciones de Envios",
				"url": "../../packmultienlace/restricciones-envios.html"
			}
		]
	},
	{
		"categoria": "Otros",
		"landings": [
			{
				"nombre": "Blog",
				"url": "https://costaline.com.mx/blog/"
			}
		]
	}
]
